classification,Daily_Total_Volume,Daily_Avg_Size_USD,Daily_PnL,Losing_Trade_Ratio
Fear,767182.206015873,8975.928545864448,5328.818161336508,0.0590986535659736
Greed,445343.35604938277,6427.866594360551,3318.100729862654,0.059840619580393904
