Daily_Total_Volume,Daily_Avg_Size_USD,Daily_PnL,Losing_Trade_Ratio
-321838.84996649023,-2548.061951503897,-2010.7174314738536,0.0007419660144203019
